{"loss": [0.15443381667137146, 0.10010355710983276, 0.09555596858263016, 0.09308083355426788, 0.09155327826738358, 0.09042123705148697, 0.08957717567682266, 0.08884772658348083, 0.0882217288017273, 0.08770307153463364, 0.08735248446464539, 0.08703611046075821, 0.08676840364933014, 0.08658024668693542, 0.0863346979022026, 0.08618992567062378, 0.08597642928361893, 0.08588564395904541, 0.08578977733850479, 0.08563405275344849, 0.0855441614985466, 0.08545304834842682, 0.08537915349006653, 0.085301473736763, 0.08523280173540115, 0.08515065908432007, 0.08508609980344772, 0.08501670509576797, 0.08501677215099335], "val_loss": [0.10255684703588486, 0.09616217762231827, 0.093076191842556, 0.09156827628612518, 0.09012004733085632, 0.08912532776594162, 0.0888153612613678, 0.08763941377401352, 0.08730766177177429, 0.08683351427316666, 0.08656077086925507, 0.08618839085102081, 0.08608634769916534, 0.0858905240893364, 0.08562429994344711, 0.08552265912294388, 0.08530823141336441, 0.08520373702049255, 0.08508430421352386, 0.08506385236978531, 0.08516030013561249, 0.08493778854608536, 0.08491450548171997, 0.08516032248735428, 0.08474641293287277, 0.08462775498628616, 0.08469924330711365, 0.08466638624668121, 0.08503194153308868]}